geo_id,nombre_es,nombre_en,tipo,valido_desde,valido_hasta
MX-AGU,Aguascalientes,Aguascalientes,entidad_federativa,,
MX-BCN,Baja California,Baja California,entidad_federativa,,
MX-BCS,Baja California Sur,Baja California Sur,entidad_federativa,,
MX-CAM,Campeche,Campeche,entidad_federativa,,
MX-COA,Coahuila de Zaragoza,Coahuila de Zaragoza,entidad_federativa,,
MX-COL,Colima,Colima,entidad_federativa,,
MX-CHP,Chiapas,Chiapas,entidad_federativa,,
MX-CHH,Chihuahua,Chihuahua,entidad_federativa,,
MX-CMX,Ciudad de México,Ciudad de México,entidad_federativa,,
MX-DUR,Durango,Durango,entidad_federativa,,
MX-GUA,Guanajuato,Guanajuato,entidad_federativa,,
MX-GRO,Guerrero,Guerrero,entidad_federativa,,
MX-HID,Hidalgo,Hidalgo,entidad_federativa,,
MX-JAL,Jalisco,Jalisco,entidad_federativa,,
MX-MEX,México,México,entidad_federativa,,
MX-MIC,Michoacán de Ocampo,Michoacán de Ocampo,entidad_federativa,,
MX-MOR,Morelos,Morelos,entidad_federativa,,
MX-NAY,Nayarit,Nayarit,entidad_federativa,,
MX-NLE,Nuevo León,Nuevo León,entidad_federativa,,
MX-OAX,Oaxaca,Oaxaca,entidad_federativa,,
MX-PUE,Puebla,Puebla,entidad_federativa,,
MX-QUE,Querétaro,Querétaro,entidad_federativa,,
MX-ROO,Quintana Roo,Quintana Roo,entidad_federativa,,
MX-SLP,San Luis Potosí,San Luis Potosí,entidad_federativa,,
MX-SIN,Sinaloa,Sinaloa,entidad_federativa,,
MX-SON,Sonora,Sonora,entidad_federativa,,
MX-TAB,Tabasco,Tabasco,entidad_federativa,,
MX-TAM,Tamaulipas,Tamaulipas,entidad_federativa,,
MX-TLA,Tlaxcala,Tlaxcala,entidad_federativa,,
MX-VER,Veracruz de Ignacio de la Llave,Veracruz de Ignacio de la Llave,entidad_federativa,,
MX-YUC,Yucatán,Yucatán,entidad_federativa,,
MX-ZAC,Zacatecas,Zacatecas,entidad_federativa,,
