geo_id,nombre_es,nombre_en,tipo,valido_desde,valido_hasta
ABW,Aruba,Aruba,pais,,
AFG,Afganistán,Afghanistan,pais,,
AGO,Angola,Angola,pais,,
AIA,Anguila,Anguilla,pais,,
ALA,Islas Äland,Åland Islands,pais,,
ALB,Albania,Albania,pais,,
AND,Andorra,Andorra,pais,,
ARE,Emiratos Árabes Unidos,United Arab Emirates,pais,,
ARG,Argentina,Argentina,pais,,
ARM,Armenia,Armenia,pais,,
ASM,Samoa Estadounidense,American Samoa,pais,,
ATA,Antártida,Antarctica,pais,,
ATF,Territorios Franceses del Sur,French Southern Territories,pais,,
ATG,Antigua y Barbuda,Antigua and Barbuda,pais,,
AUS,Australia,Australia,pais,,
AUT,Austria,Austria,pais,,
AZE,Azerbaiyán,Azerbaijan,pais,,
BDI,Burundi,Burundi,pais,,
BEL,Bélgica,Belgium,pais,,
BEN,Benín,Benin,pais,,
BES,Islas BES (Caribe Neerlandés),"Bonaire, Sint Eustatius and Saba",pais,,
BFA,Burquina Faso,Burkina Faso,pais,,
BGD,Bangladés,Bangladesh,pais,,
BGR,Bulgaria,Bulgaria,pais,,
BHR,Baréin,Bahrain,pais,,
BHS,Bahamas,Bahamas,pais,,
BIH,Bosnia y Herzegovina,Bosnia and Herzegovina,pais,,
BLM,San Bartolomé,Saint Barthélemy,pais,,
BLR,Bielorrusia,Belarus,pais,,
BLZ,Belice,Belize,pais,,
BMU,Islas Bermudas,Bermuda,pais,,
BOL,Bolivia,Bolivia,pais,,
BRA,Brasil,Brazil,pais,,
BRB,Barbados,Barbados,pais,,
BRN,Brunéi,Brunei Darussalam,pais,,
BTN,Bután,Bhutan,pais,,
BVT,Isla Bouvet,Bouvet Island,pais,,
BWA,Botsuana,Botswana,pais,,
CAF,República Centroafricana,Central African Republic,pais,,
CAN,Canadá,Canada,pais,,
CCK,Islas Cocos (Keeling),Cocos (Keeling) Islands,pais,,
CHE,Suiza,Switzerland,pais,,
CHI,Islas del Canal,Channel Islands,pais,,
CHL,Chile,Chile,pais,,
CHN,China,China,pais,,
CIV,Costa de Marfil,Côte d'Ivoire,pais,,
CMR,Camerún,Cameroon,pais,,
COD,República Democrática del Congo,"Congo, The Democratic Republic of the",pais,,
COG,Congo,Congo,pais,,
COK,Islas Cook,Cook Islands,pais,,
COL,Colombia,Colombia,pais,,
COM,"Comores, Islas",Comoros,pais,,
CPV,Cabo Verde,Cabo Verde,pais,,
CRI,Costa Rica,Costa Rica,pais,,
CUB,Cuba,Cuba,pais,,
CUW,Curazao,Curaçao,pais,,
CXR,Isla de Navidad,Christmas Island,pais,,
CYM,Islas Caimán,Cayman Islands,pais,,
CYP,Chipre,Cyprus,pais,,
CZE,Chequia,Czechia,pais,,
DEU,Alemania,Germany,pais,,
DJI,Yibuti,Djibouti,pais,,
DMA,Dominica,Dominica,pais,,
DNK,Dinamarca,Denmark,pais,,
DOM,República Dominicana,Dominican Republic,pais,,
DZA,Algeria,Algeria,pais,,
ECU,Ecuador,Ecuador,pais,,
EGY,Egipto,Egypt,pais,,
ERI,Eritrea,Eritrea,pais,,
ESH,Sahara Occidental,Western Sahara,pais,,
ESP,España,Spain,pais,,
EST,Estonia,Estonia,pais,,
ETH,Etiopía,Ethiopia,pais,,
FIN,Finlandia,Finland,pais,,
FJI,Fiyi,Fiji,pais,,
FLK,Islas Falkland (Malvinas),Falkland Islands (Malvinas),pais,,
FRA,Francia,France,pais,,
FRO,Islas Feroe,Faroe Islands,pais,,
FSM,Micronesia,"Micronesia, Federated States of",pais,,
GAB,Gabón,Gabon,pais,,
GBR,Reino Unido,United Kingdom,pais,,
GEO,Georgia,Georgia,pais,,
GGY,Guernsey,Guernsey,pais,,
GHA,Ghana,Ghana,pais,,
GIB,Gibraltar,Gibraltar,pais,,
GIN,Guinea,Guinea,pais,,
GLP,Guadalupe,Guadeloupe,pais,,
GMB,Gambia,Gambia,pais,,
GNB,Guinea-Bisáu,Guinea-Bissau,pais,,
GNQ,Guinea Ecuatorial,Equatorial Guinea,pais,,
GRC,Grecia,Greece,pais,,
GRD,Granada,Grenada,pais,,
GRL,Groenlandia,Greenland,pais,,
GTM,Guatemala,Guatemala,pais,,
GUF,Guayana Francesa,French Guiana,pais,,
GUM,Guam,Guam,pais,,
GUY,Guyana,Guyana,pais,,
HKG,Hong Kong,Hong Kong,pais,,
HMD,Isla Heard e Islas McDonald,Heard Island and McDonald Islands,pais,,
HND,Honduras,Honduras,pais,,
HRV,Croacia,Croatia,pais,,
HTI,Haití,Haiti,pais,,
HUN,Hungría,Hungary,pais,,
IDN,Indonesia,Indonesia,pais,,
IMN,Isla de Man,Isle of Man,pais,,
IND,India,India,pais,,
IOT,Territorio Británico del Océano Índico,British Indian Ocean Territory,pais,,
IRL,Irlanda,Ireland,pais,,
IRN,Irán,Iran,pais,,
IRQ,Irak,Iraq,pais,,
ISL,Islandia,Iceland,pais,,
ISR,Israel,Israel,pais,,
ITA,Italia,Italy,pais,,
JAM,Jamaica,Jamaica,pais,,
JEY,Jersey,Jersey,pais,,
JOR,Jordania,Jordan,pais,,
JPN,Japón,Japan,pais,,
KAZ,Kazajistán,Kazakhstan,pais,,
KEN,Kenia,Kenya,pais,,
KGZ,Kirguistán,Kyrgyzstan,pais,,
KHM,Camboya,Cambodia,pais,,
KIR,Kiribati,Kiribati,pais,,
KNA,San Cristóbal y Nieves,Saint Kitts and Nevis,pais,,
KOR,Corea del Sur,South Korea,pais,,
KWT,Kuwait,Kuwait,pais,,
LAO,Laos,Laos,pais,,
LBN,Líbano,Lebanon,pais,,
LBR,Liberia,Liberia,pais,,
LBY,Libia,Libya,pais,,
LCA,Santa Lucía,Saint Lucia,pais,,
LIE,Liechtenstein,Liechtenstein,pais,,
LKA,Sri Lanka,Sri Lanka,pais,,
LSO,Lesoto,Lesotho,pais,,
LTU,Lituania,Lithuania,pais,,
LUX,Luxemburgo,Luxembourg,pais,,
LVA,Letonia,Latvia,pais,,
MAC,Macao,Macao,pais,,
MAF,San Martín (zona francesa),Saint Martin (French part),pais,,
MAR,Marruecos,Morocco,pais,,
MCO,Mónaco,Monaco,pais,,
MDA,Moldavia,Moldova,pais,,
MDG,Madagascar,Madagascar,pais,,
MDV,Maldivas,Maldives,pais,,
MEX,México,Mexico,pais,,
MHL,Islas Marshall,Marshall Islands,pais,,
MKD,Macedonia del Norte,North Macedonia,pais,,
MLI,Malí,Mali,pais,,
MLT,Malta,Malta,pais,,
MMR,Myanmar,Myanmar,pais,,
MNE,Montenegro,Montenegro,pais,,
MNG,Mongolia,Mongolia,pais,,
MNP,Islas Marianas del Norte,Northern Mariana Islands,pais,,
MOZ,Mozambique,Mozambique,pais,,
MRT,Mauritania,Mauritania,pais,,
MSR,Montserrat,Montserrat,pais,,
MTQ,Martinica,Martinique,pais,,
MUS,Mauricio,Mauritius,pais,,
MWI,Malaui,Malawi,pais,,
MYS,Malasia,Malaysia,pais,,
MYT,Mayotte,Mayotte,pais,,
NAM,Namibia,Namibia,pais,,
NCL,Nueva Caledonia,New Caledonia,pais,,
NER,Níger,Niger,pais,,
NFK,Isla Norfolk,Norfolk Island,pais,,
NGA,Nigeria,Nigeria,pais,,
NIC,Nicaragua,Nicaragua,pais,,
NIU,Niue,Niue,pais,,
NLD,Países Bajos,Netherlands,pais,,
NOR,Noruega,Norway,pais,,
NPL,Nepal,Nepal,pais,,
NRU,Nauru,Nauru,pais,,
NZL,Nueva Zelanda,New Zealand,pais,,
OMN,Omán,Oman,pais,,
PAK,Pakistán,Pakistan,pais,,
PAN,Panamá,Panama,pais,,
PCN,Pitcairn,Pitcairn,pais,,
PER,Perú,Peru,pais,,
PHL,Filipinas,Philippines,pais,,
PLW,Palaos,Palau,pais,,
PNG,Papúa Nueva Guinea,Papua New Guinea,pais,,
POL,Polonia,Poland,pais,,
PRI,Puerto Rico,Puerto Rico,pais,,
PRK,Corea del Norte,North Korea,pais,,
PRT,Portugal,Portugal,pais,,
PRY,Paraguay,Paraguay,pais,,
PSE,Palestina,"Palestine, State of",pais,,
PYF,Polinesia Francesa,French Polynesia,pais,,
QAT,Catar,Qatar,pais,,
REU,Reunión,Réunion,pais,,
ROU,Rumanía,Romania,pais,,
RUS,Rusia,Russian Federation,pais,,
RWA,Ruanda,Rwanda,pais,,
SAU,Arabia Saudí,Saudi Arabia,pais,,
SDN,Sudán,Sudan,pais,,
SEN,Senegal,Senegal,pais,,
SGP,Singapur,Singapore,pais,,
SGS,Islas Georgias del Sur y Sándwich del Sur,South Georgia and the South Sandwich Islands,pais,,
SHN,"Santa Elena, Ascensión y Tristán de Acuña","Saint Helena, Ascension and Tristan da Cunha",pais,,
SJM,Svalbard y Jan Mayen,Svalbard and Jan Mayen,pais,,
SLB,Islas Salomón,Solomon Islands,pais,,
SLE,Sierra Leona,Sierra Leone,pais,,
SLV,El Salvador,El Salvador,pais,,
SMR,San Marino,San Marino,pais,,
SOM,Somalia,Somalia,pais,,
SPM,San Pedro y Miquelon,Saint Pierre and Miquelon,pais,,
SRB,Serbia,Serbia,pais,,
SSD,Sudán del Sur,South Sudan,pais,,
STP,Santo Tomé y Príncipe,Sao Tome and Principe,pais,,
SUR,Surinam,Suriname,pais,,
SVK,Eslovaquia,Slovakia,pais,,
SVN,Eslovenia,Slovenia,pais,,
SWE,Suecia,Sweden,pais,,
SWZ,Esuatini,Eswatini,pais,,
SXM,Isla de San Martín (zona holandesa),Sint Maarten (Dutch part),pais,,
SYC,Seychelles,Seychelles,pais,,
SYR,Siria,Syria,pais,,
TCA,Islas Turcas y Caicos,Turks and Caicos Islands,pais,,
TCD,Chad,Chad,pais,,
TGO,Togo,Togo,pais,,
THA,Tailandia,Thailand,pais,,
TJK,Tayikistán,Tajikistan,pais,,
TKL,Tokelau,Tokelau,pais,,
TKM,Turkmenistán,Turkmenistan,pais,,
TLS,Timor Oriental,Timor-Leste,pais,,
TON,Tonga,Tonga,pais,,
TTO,Trinidad y Tobago,Trinidad and Tobago,pais,,
TUN,Tunez,Tunisia,pais,,
TUR,Turquía,Türkiye,pais,,
TUV,Tuvalu,Tuvalu,pais,,
TWN,Taiwán,Taiwan,pais,,
TZA,Tanzania,Tanzania,pais,,
UGA,Uganda,Uganda,pais,,
UKR,Ucrania,Ukraine,pais,,
UMI,Islas Ultramarinas Menores de Estados Unidos,United States Minor Outlying Islands,pais,,
URY,Uruguay,Uruguay,pais,,
USA,Estados Unidos,United States,pais,,
UZB,Uzbekistán,Uzbekistan,pais,,
VAT,Santa Sede (Ciudad Estado del Vaticano),Holy See (Vatican City State),pais,,
VCT,San Vicente y las Granadinas,Saint Vincent and the Grenadines,pais,,
VEN,Venezuela,Venezuela,pais,,
VGB,"Islas Vírgenes, Británicas","Virgin Islands, British",pais,,
VIR,"Islas Vírgenes, de EEUU.","Virgin Islands, U.S.",pais,,
VNM,Vietnam,Vietnam,pais,,
VUT,Vanuatu,Vanuatu,pais,,
WLF,Wallis y Futuna,Wallis and Futuna,pais,,
WSM,Samoa,Samoa,pais,,
XKX,Kosovo,Kosovo,pais,,
YEM,Yemen,Yemen,pais,,
ZAF,Sudáfrica,South Africa,pais,,
ZMB,Zambia,Zambia,pais,,
ZWE,Zimbabue,Zimbabwe,pais,,
